Component	bias_EstFreq	EstFreq_significance_group
EL4X_199	-0.00776344008093536	c
EL4X_35	0.0375181249793386	a
EL4X_482	0.00885060348908475	b
GQ4X_83	-0.0035020123185353	bc
