ExpFreq	bias_EstFreq
0.0625	0.0110652893850756
0.25	0.00591936583500442
0.3125	0.00762601897384228
0.8125	0.00592379085831014
