ExpFreq	EstFreq
0.0625	0.0146915991162563
0.25	0.0334734158251709
0.3125	0.0284387177784635
0.8125	0.0390078398968066
