ExpFreq	EstFreq
0.0625	0.0735652893850756
0.25	0.255919365835004
0.3125	0.320126018973842
0.8125	0.81842379085831
