Component	bias_50_SNPs	50_SNPs_significance_group	bias_100_SNPs	100_SNPs_significance_group	bias_150_SNPs	150_SNPs_significance_group	bias_200_SNPs	200_SNPs_significance_group	bias_246_SNPs	246_SNPs_significance_group
EL4X_199	-0.00330690783362941	b	-0.00681412846927209	c	-0.00727877263380711	b	-0.0112728999646162	c	-0.00776344008093536	c
EL4X_35	0.0259450530202619	a	0.0307885394240076	a	0.045299208055623	a	0.0418667136742335	a	0.0375181249793387	a
EL4X_482	0.0180815803508632	a	0.0147687355167174	b	0.00595847393660539	b	0.0120514525358928	b	0.00885060348908477	b
GQ4X_83	0.0265378588455051	a	0.000240190591957996	bc	-0.00601084809078271	b	-0.00509897454012223	c	-0.00350201231853529	bc
