Component	bias_50_SNPs	50_SNPs_significance_group	bias_100_SNPs	100_SNPs_significance_group	bias_150_SNPs	150_SNPs_significance_group	bias_200_SNPs	200_SNPs_significance_group	bias_246_SNPs	246_SNPs_significance_group
EL4X_199	-0.00155915610726456	c	-0.015342996769045	c	-0.0024852534782475	b	-0.00753703766346398	c	-0.00776344008093531	c
EL4X_35	0.0419643966214157	a	0.043328295331403	a	0.0502024640722536	a	0.0362833763806146	a	0.0375181249793387	a
EL4X_482	0.0194249466166763	b	0.0050975626111215	b	-0.00125457264954498	b	0.0104357270986962	b	0.00885060348908482	b
GQ4X_83	0.0035398827871901	bc	-0.00775362607242971	bc	-0.00183861428427482	b	-0.00380957093673294	c	-0.00350201231853533	bc
