ExpFreq	bias_50_SNPs	bias_100_SNPs	bias_150_SNPs	bias_200_SNPs	bias_246_SNPs
0.0625	0.01758056063884	0.0102769233468396	0.0108698070016461	0.0119376060418938	0.0110652893850756
0.25	0.0164631186094569	0.00725843656183027	0.00646642382932365	0.00648484264361999	0.00591936583500447
0.3125	0.0167585891766027	0.0094963367039391	0.00854091006911047	0.00811634638738805	0.00762601897384236
0.8125	0.0142684361671269	0.0108573683316686	0.00985975580894726	0.00589485036376353	0.00592379085831005
