ExpFreq	bias_50_SNPs	bias_100_SNPs	bias_150_SNPs	bias_200_SNPs	bias_246_SNPs
0.0625	0.0180510583489087	0.00836941068595951	0.0138260293952219	0.0118678837007741	0.0110652893850755
0.25	0.0126331792576317	0.00344607263908003	0.00791965892084577	0.00614192425992556	0.00591936583500443
0.3125	0.014621970590115	0.00568349242117311	0.00997340368613403	0.00704337305526569	0.00762601897384233
0.8125	0.0138793328919277	0.00301658633092453	0.00726006567528375	0.00484453524918724	0.00592379085831041
