ExpFreq	50_SNPs	100_SNPs	150_SNPs	200_SNPs	246_SNPs
0.0625	0.0805510583489087	0.0708694106859595	0.0763260293952219	0.0743678837007741	0.0735652893850755
0.25	0.262633179257632	0.25344607263908	0.257919658920846	0.256141924259926	0.255919365835004
0.3125	0.327121970590115	0.318183492421173	0.322473403686134	0.319543373055266	0.320126018973842
0.8125	0.826379332891928	0.815516586330924	0.819760065675284	0.817344535249187	0.81842379085831
