ExpFreq	50_SNPs	100_SNPs	150_SNPs	200_SNPs	246_SNPs
0.0625	0.0245642252389801	0.0193375879386193	0.0144685173836034	0.0143102961187669	0.0146915991162563
0.25	0.0296933528698538	0.0408189489372713	0.0410354592031796	0.0321415749540395	0.0334734158251709
0.3125	0.0309116036754013	0.033919731192834	0.0348282553274955	0.0272388812520386	0.0284387177784635
0.8125	0.0391389815064085	0.0459674382023952	0.0441541756141206	0.0372366352053262	0.0390078398968066
