ExpFreq	50_SNPs	100_SNPs	150_SNPs	200_SNPs	246_SNPs
0.0625	0.0800805606388399	0.0727769233468396	0.0733698070016461	0.0744376060418938	0.0735652893850756
0.25	0.266463118609457	0.25725843656183	0.256466423829324	0.25648484264362	0.255919365835004
0.3125	0.329258589176603	0.321996336703939	0.32104091006911	0.320616346387388	0.320126018973842
0.8125	0.826768436167127	0.823357368331669	0.822359755808947	0.818394850363763	0.81842379085831
