ExpFreq	50_SNPs	100_SNPs	150_SNPs	200_SNPs	246_SNPs
0.0625	0.0268076822025729	0.0189212731918421	0.0160511714180131	0.0161330366945024	0.0146915991162563
0.25	0.0234081183250838	0.0310313986730538	0.0403165710267645	0.0348916464909388	0.033473415825171
0.3125	0.0244613185321842	0.0275983252182257	0.0357843785343423	0.0313228153867196	0.0284387177784635
0.8125	0.0348245348608426	0.0421320306448627	0.0433885656687706	0.0409576150543926	0.0390078398968068
