Component	bias_read_depth	read_depth_significance_group	bias_none	none_significance_group
EL4X_199	-0.00776344008093536	c	-0.0043365162525916	c
EL4X_35	0.0375181249793386	a	0.0364965580499556	a
EL4X_482	0.00885060348908475	b	0.010677773971897	b
GQ4X_83	-0.0035020123185353	bc	0.00224960455674258	bc
