ExpFreq	bias_read_depth	bias_none
0.0625	0.0110652893850756	0.0206502347551537
0.25	0.00591936583500442	0.00819575484538542
0.3125	0.00762601897384228	0.00743665793560726
0.8125	0.00592379085831014	-0.0116599719393138
