ExpFreq	read_depth	none
0.0625	0.0146915991162563	0.0136124280829158
0.25	0.0334734158251709	0.0304609211578494
0.3125	0.0284387177784635	0.0261335058617878
0.8125	0.0390078398968066	0.0358266016741531
