ExpFreq	read_depth	none
0.0625	0.0735652893850756	0.0831502347551537
0.25	0.255919365835004	0.258195754845385
0.3125	0.320126018973842	0.319936657935607
0.8125	0.81842379085831	0.800840028060686
